id,last_name,first_name,title,birthdate,hire_date,city,postal_code,country,contact,reports_to
2,Fuller,Andrew,"Vice President, Sales",2/19/1952,8/14/1992,Tacoma,98401,USA,(206) 555-9482,
3,Leverling,Janet,Sales Representative,8/30/1963,4/1/1992,Kirkland,98033,USA,(206) 555-3412,2
4,Peacock,Margaret,Sales Representative,9/19/1937,5/3/1993,Redmond,98052,USA,(206) 555-8122,2
5,Buchanan,Steven,Sales Manager,3/4/1955,10/17/1993,London,SW1 8JR,UK,(71) 555-4848,2
6,Suyama,Michael,Sales Representative,7/2/1963,10/17/1993,London,EC2 7JR,UK,(71) 555-7773,5
7,King,Robert,Sales Representative,5/29/1960,1/2/1994,London,RG1 9SP,UK,(71) 555-5598,5
8,Callahan,Laura,Inside Sales Coordinator,1/9/1958,3/5/1994,Seattle,98105,USA,(206) 555-1189,2
9,Dodsworth,Anne,Sales Representative,1/27/1966,11/15/1994,London,WG2 7LT,UK,(71) 555-4444,5
1,Davolio,Nancy,Sales Representative,12/8/1948,5/1/1992,Seattle,98122,USA,(206) 555-9857,2
